author,text,timestamp
test_user_001,Studenti blokaderi su stoka i izdajnici treba ih isterati sa fakulteta,2026-06-18T12:00:00Z
test_user_002,Studenti blokaderi su stoka i izdajnici treba ih isterati sa fakulteta,2026-06-18T12:00:02Z
test_user_003,Studenti blokaderi su stoka i izdajnici treba ih isterati sa fakulteta,2026-06-18T12:00:04Z
test_user_004,Studenti blokaderi su stoka i izdajnici treba ih isterati sa fakulteta,2026-06-18T12:00:06Z
test_user_005,Studenti blokaderi su stoka i izdajnici treba ih isterati sa fakulteta,2026-06-18T12:00:08Z
test_user_006,Studenti blokaderi su stoka i izdajnici treba ih isterati sa fakulteta,2026-06-18T12:00:10Z
test_user_007,Studenti blokaderi su stoka i izdajnici treba ih isterati sa fakulteta,2026-06-18T12:00:12Z
test_user_008,Studenti blokaderi su stoka i izdajnici treba ih isterati sa fakulteta,2026-06-18T12:00:14Z
test_user_009,Studenti blokaderi su stoka i izdajnici treba ih isterati sa fakulteta,2026-06-18T12:00:16Z
test_user_010,Studenti blokaderi su stoka i izdajnici treba ih isterati sa fakulteta,2026-06-18T12:00:18Z
test_user_011,Studenti blokaderi su stoka i izdajnici treba ih isterati sa fakulteta,2026-06-18T12:00:20Z
test_user_012,Studenti blokaderi su stoka i izdajnici treba ih isterati sa fakulteta,2026-06-18T12:00:22Z
test_user_013,Studenti blokaderi su stoka i izdajnici treba ih isterati sa fakulteta,2026-06-18T12:00:24Z
test_user_014,Studenti blokaderi su stoka i izdajnici treba ih isterati sa fakulteta,2026-06-18T12:00:26Z
test_user_015,Studenti blokaderi su stoka i izdajnici treba ih isterati sa fakulteta,2026-06-18T12:00:28Z
test_user_016,Studenti blokaderi su stoka i izdajnici treba ih isterati sa fakulteta,2026-06-18T12:00:30Z
test_user_017,Studenti blokaderi su stoka i izdajnici treba ih isterati sa fakulteta,2026-06-18T12:00:32Z
test_user_018,Studenti blokaderi su stoka i izdajnici treba ih isterati sa fakulteta,2026-06-18T12:00:34Z
test_user_019,Studenti blokaderi su stoka i izdajnici treba ih isterati sa fakulteta,2026-06-18T12:00:36Z
test_user_020,Studenti blokaderi su stoka i izdajnici treba ih isterati sa fakulteta,2026-06-18T12:00:38Z
